SNP,thetaW,rho
304,67.86918148150373,58.1735841270032
395,88.18528514866438,75.58738727028376
423,94.4363939693292,80.94548054513932
480,107.16186549711115,91.85302756895243
546,121.89662200296392,104.48281885968338
525,117.20829038746531,100.4642489035417
605,135.0686013036505,115.77308683170044
514,114.75249763648985,98.35928368841988
544,121.4501142300593,104.10009791147941
502,112.07345099906208,96.06295799919607
552,123.23614532167782,105.63098170429528
532,118.77106759263152,101.8037722222556
521,116.31527484165606,99.69880700713378
543,121.22686034360699,103.90873743737743
529,118.10130593327457,101.22969079994964
551,123.0128914352255,105.4396212301933
547,122.11987588941625,104.67417933378536
549,122.56638366232087,105.05690028198933
495,110.51067379389588,94.72343468048219
520,116.09202095520374,99.50744653303178
569,127.03146139136717,108.88410976402902
521,116.31527484165606,99.69880700713378
530,118.32455981972689,101.42105127405162
540,120.55709868425004,103.33465601507147
519,115.86876706875142,99.3160860589298
474,105.82234217839726,90.70486472434052
447,99.79448724418475,85.53813192358693
405,90.41782401318753,77.5009920113036
370,82.6039379873565,70.80337541773415
313,69.87846645957455,59.89582839392105
431,96.22242506094771,82.47636433795519
459,102.47353388161254,87.83445761281075
418,93.32012453706763,79.9886781746294
443,98.9014716983755,84.77269002717901
391,87.29226960285511,74.82194537387582
409,91.31083955899679,78.26643390771154
500,111.62694322615745,95.6802370509921
384,85.72949239768892,73.48242205516193
440,98.23171003901855,84.19860860487304
516,115.19900540939449,98.74200463662386
331,73.89703641571623,63.340316927756774
404,90.19457012673521,77.30963153720162
406,90.64107789963984,77.69235248540558
439,98.00845615256624,84.00724813077107
373,83.27369964671345,71.37745684004011
478,106.71535772420651,91.47030662074845
497,110.9571815668005,95.10615562868615
427,95.32940951513845,81.71092244154725
402,89.74806235383059,76.92691058899766
367,81.93417632799957,70.22929399542821
434,96.89218672030466,83.05044576026114
396,88.40853903511669,75.77874774438574
385,85.95274628414123,73.67378252926392
488,108.94789658872966,93.38391136176828
452,100.91075667644633,86.49493429409685
365,81.48766855509493,69.84657304722423
482,107.60837327001578,92.23574851715638
376,83.9434613060704,71.95153826234606
395,88.18528514866438,75.58738727028376
452,100.91075667644633,86.49493429409685
401,89.52480846737826,76.73555011489566
408,91.08758567254448,78.07507343360956
433,96.66893283385235,82.85908528615917
366,81.71092244154725,70.03793352132622
454,101.35726444935096,86.87765524230083
442,98.67821781192318,84.58132955307701
410,91.5340934454491,78.45779438181353
385,85.95274628414123,73.67378252926392
439,98.00845615256624,84.00724813077107
372,83.05044576026114,71.18609636593813
437,97.5619483796616,83.62452718256709
433,96.66893283385235,82.85908528615917
420,93.76663230997225,80.37139912283337
469,104.70607274613569,89.74806235383059
415,92.65036287771068,79.41459675232345
372,83.05044576026114,71.18609636593813
430,95.9991711744954,82.2850038638532
356,79.4783835770241,68.12432878030639
382,85.28298462478429,73.09970110695797
389,86.84576182995049,74.43922442567185
438,97.78520226611393,83.81588765666909
500,111.62694322615745,95.6802370509921
311,69.43195868666993,59.51310744571709
369,82.38068410090419,70.61201494363218
429,95.77591728804309,82.09364338975122
378,84.38996907897503,72.33425921055003
396,88.40853903511669,75.77874774438574
401,89.52480846737826,76.73555011489566
487,108.72464270227735,93.1925508876663
403,89.9713162402829,77.11827106309964
356,79.4783835770241,68.12432878030639
493,110.06416602099124,94.3407137322782
303,67.64592759505142,57.98222365290122
454,101.35726444935096,86.87765524230083
459,102.47353388161254,87.83445761281075
464,103.58980331387411,88.79125998332067
556,124.12916086748707,106.39642360070322
394,87.96203126221207,75.39602679618177
330,73.67378252926392,63.14895645365479
439,98.00845615256624,84.00724813077107
437,97.5619483796616,83.62452718256709
348,77.69235248540558,66.5934449874905
373,83.27369964671345,71.37745684004011
404,90.19457012673521,77.30963153720162
393,87.73877737575975,75.20466632207979
392,87.51552348930744,75.01330584797782
425,94.88290174223383,81.32820149334329
414,92.42710899125836,79.22323627822146
425,94.88290174223383,81.32820149334329
275,61.39481877438659,52.624130378045656
454,101.35726444935096,86.87765524230083
413,92.20385510480605,79.03187580411948
438,97.78520226611393,83.81588765666909
319,71.21798977828846,61.04399123853297
349,77.91560637185789,66.78480546159248
391,87.29226960285511,74.82194537387582
407,90.86433178609217,77.88371295950758
396,88.40853903511669,75.77874774438574
407,90.86433178609217,77.88371295950758
464,103.58980331387411,88.79125998332067
467,104.25956497323105,89.36534140562662
461,102.92004165451716,88.21717856101472
457,102.0270261087079,87.45173666460678
437,97.5619483796616,83.62452718256709
414,92.42710899125836,79.22323627822146
438,97.78520226611393,83.81588765666909
451,100.68750278999401,86.30357381999488
442,98.67821781192318,84.58132955307701
405,90.41782401318753,77.5009920113036
431,96.22242506094771,82.47636433795519
452,100.91075667644633,86.49493429409685
477,106.4921038377542,91.27894614664646
352,78.58536803121484,67.35888688389844
392,87.51552348930744,75.01330584797782
470,104.929326632588,89.93942282793257
384,85.72949239768892,73.48242205516193
426,95.10615562868614,81.51956196744527
364,81.26441466864262,69.65521257312224
458,102.25027999516021,87.64309713870875
447,99.79448724418475,85.53813192358693
577,128.8174924829857,110.41499355684489
486,108.50138881582504,93.00119041356433
449,100.24099501708939,85.92085287179091
405,90.41782401318753,77.5009920113036
452,100.91075667644633,86.49493429409685
438,97.78520226611393,83.81588765666909
375,83.72020741961808,71.76017778824408
478,106.71535772420651,91.47030662074845
425,94.88290174223383,81.32820149334329
418,93.32012453706763,79.9886781746294
437,97.5619483796616,83.62452718256709
530,118.32455981972689,101.42105127405162
334,74.56679807507317,63.91439835006272
446,99.57123335773244,85.34677144948495
393,87.73877737575975,75.20466632207979
402,89.74806235383059,76.92691058899766
389,86.84576182995049,74.43922442567185
448,100.01774113063708,85.72949239768893
447,99.79448724418475,85.53813192358693
432,96.44567894740003,82.66772481205717
437,97.5619483796616,83.62452718256709
487,108.72464270227735,93.1925508876663
474,105.82234217839726,90.70486472434052
435,97.11544060675698,83.24180623436312
452,100.91075667644633,86.49493429409685
339,75.68306750733474,64.87120072057265
368,82.15743021445188,70.42065446953019
382,85.28298462478429,73.09970110695797
434,96.89218672030466,83.05044576026114
351,78.36211414476253,67.16752640979645
361,80.59465300928568,69.0811311508163
453,101.13401056289864,86.68629476819883
400,89.30155458092595,76.54418964079368
492,109.84091213453893,94.14935325817623
383,85.5062385112366,73.29106158105995
224,50.00887056531854,42.864746198844465
432,96.44567894740003,82.66772481205717
287,64.07386541181437,54.92045606726946
332,74.12029030216854,63.53167740185876
374,83.49695353316577,71.5688173141421
229,51.125139997580106,43.82154856935438
199,44.427523404010664,38.08073434629486
84,18.75332646199445,16.074279824566673
28,6.251108820664817,5.358093274855558
62,13.841740960043524,11.864349394323021
70,15.627772051662042,13.395233187138894
111,24.781181396206954,21.24101262532025
153,34.15784462720418,29.27815253760358
153,34.15784462720418,29.27815253760358
180,40.18569956141668,34.44488533835716
304,67.86918148150373,58.1735841270032
240,53.580932748555576,45.926513784476214
323,72.1110053240977,61.809433134940896
347,77.46909859895327,66.40208451338852
262,58.4925182505065,50.13644421471986
412,91.98060121835374,78.8405153300175
424,94.65964785578151,81.1368410192413
338,75.45981362088243,64.67984024647066
425,94.88290174223383,81.32820149334329
369,82.38068410090419,70.61201494363218
462,103.14329554096948,88.4085390351167
378,84.38996907897503,72.33425921055003
332,74.12029030216854,63.53167740185876
331,73.89703641571623,63.340316927756774
394,87.96203126221207,75.39602679618177
381,85.05973073833198,72.90834063285598
416,92.87361676416299,79.60595722642543
483,107.83162715646809,92.42710899125836
363,81.0411607821903,69.46385209902027
435,97.11544060675698,83.24180623436312
373,83.27369964671345,71.37745684004011
453,101.13401056289864,86.68629476819883
375,83.72020741961808,71.76017778824408
290,64.74362707117132,55.49453748957542
389,86.84576182995049,74.43922442567185
448,100.01774113063708,85.72949239768893
452,100.91075667644633,86.49493429409685
468,104.48281885968336,89.5567018797286
470,104.929326632588,89.93942282793257
537,119.8873370248931,102.76057459276552
390,87.0690157164028,74.63058489977384
375,83.72020741961808,71.76017778824408
408,91.08758567254448,78.07507343360956
561,125.24543029974865,107.35322597121313
484,108.0548810429204,92.61846946536035
432,96.44567894740003,82.66772481205717
413,92.20385510480605,79.03187580411948
421,93.98988619642456,80.56275959693535
482,107.60837327001578,92.23574851715638
405,90.41782401318753,77.5009920113036
412,91.98060121835374,78.8405153300175
413,92.20385510480605,79.03187580411948
484,108.0548810429204,92.61846946536035
440,98.23171003901855,84.19860860487304
408,91.08758567254448,78.07507343360956
420,93.76663230997225,80.37139912283337
351,78.36211414476253,67.16752640979645
388,86.62250794349818,74.24786395156987
427,95.32940951513845,81.71092244154725
292,65.19013484407594,55.87725843777938
449,100.24099501708939,85.92085287179091
465,103.81305720032643,88.98262045742266
421,93.98988619642456,80.56275959693535
423,94.4363939693292,80.94548054513932
336,75.0133058479778,64.2971192982667
371,82.82719187380883,70.99473589183614
364,81.26441466864262,69.65521257312224
473,105.59908829194494,90.51350425023853
406,90.64107789963984,77.69235248540558
423,94.4363939693292,80.94548054513932
381,85.05973073833198,72.90834063285598
375,83.72020741961808,71.76017778824408
363,81.0411607821903,69.46385209902027
346,77.24584471250095,66.21072403928653
312,69.65521257312224,59.704467919819066
356,79.4783835770241,68.12432878030639
397,88.63179292156902,75.97010821848774
423,94.4363939693292,80.94548054513932
444,99.12472558482781,84.964050501281
388,86.62250794349818,74.24786395156987
444,99.12472558482781,84.964050501281
408,91.08758567254448,78.07507343360956
426,95.10615562868614,81.51956196744527
419,93.54337842351994,80.18003864873138
374,83.49695353316577,71.5688173141421
368,82.15743021445188,70.42065446953019
431,96.22242506094771,82.47636433795519
399,89.07830069447364,76.35282916669169
604,134.84534741719818,115.58172635759846
418,93.32012453706763,79.9886781746294
359,80.14814523638104,68.69841020261232
407,90.86433178609217,77.88371295950758
396,88.40853903511669,75.77874774438574
340,75.90632139378707,65.06256119467463
498,111.18043545325281,95.29751610278814
474,105.82234217839726,90.70486472434052
367,81.93417632799957,70.22929399542821
453,101.13401056289864,86.68629476819883
566,126.36169973201022,108.31002834172305
484,108.0548810429204,92.61846946536035
475,106.04559606484958,90.8962251984425
405,90.41782401318753,77.5009920113036
397,88.63179292156902,75.97010821848774
323,72.1110053240977,61.809433134940896
412,91.98060121835374,78.8405153300175
365,81.48766855509493,69.84657304722423
407,90.86433178609217,77.88371295950758
354,79.03187580411947,67.7416078321024
384,85.72949239768892,73.48242205516193
513,114.52924375003754,98.1679232143179
361,80.59465300928568,69.0811311508163
529,118.10130593327457,101.22969079994964
365,81.48766855509493,69.84657304722423
422,94.21314008287688,80.75412007103733
458,102.25027999516021,87.64309713870875
378,84.38996907897503,72.33425921055003
408,91.08758567254448,78.07507343360956
361,80.59465300928568,69.0811311508163
431,96.22242506094771,82.47636433795519
444,99.12472558482781,84.964050501281
361,80.59465300928568,69.0811311508163
369,82.38068410090419,70.61201494363218
407,90.86433178609217,77.88371295950758
362,80.81790689573799,69.27249162491829
418,93.32012453706763,79.9886781746294
467,104.25956497323105,89.36534140562662
355,79.25512969057179,67.9329683062044
407,90.86433178609217,77.88371295950758
385,85.95274628414123,73.67378252926392
350,78.13886025831022,66.97616593569448
458,102.25027999516021,87.64309713870875
467,104.25956497323105,89.36534140562662
471,105.15258051904031,90.13078330203456
387,86.39925405704587,74.05650347746788
414,92.42710899125836,79.22323627822146
466,104.03631108677874,89.17398093152464
502,112.07345099906208,96.06295799919607
447,99.79448724418475,85.53813192358693
427,95.32940951513845,81.71092244154725
415,92.65036287771068,79.41459675232345
431,96.22242506094771,82.47636433795519
439,98.00845615256624,84.00724813077107
434,96.89218672030466,83.05044576026114
403,89.9713162402829,77.11827106309964
435,97.11544060675698,83.24180623436312
350,78.13886025831022,66.97616593569448
377,84.16671519252272,72.14289873644805
384,85.72949239768892,73.48242205516193
451,100.68750278999401,86.30357381999488
394,87.96203126221207,75.39602679618177
396,88.40853903511669,75.77874774438574
408,91.08758567254448,78.07507343360956
412,91.98060121835374,78.8405153300175
447,99.79448724418475,85.53813192358693
440,98.23171003901855,84.19860860487304
467,104.25956497323105,89.36534140562662
411,91.75734733190141,78.6491548559155
292,65.19013484407594,55.87725843777938
385,85.95274628414123,73.67378252926392
430,95.9991711744954,82.2850038638532
435,97.11544060675698,83.24180623436312
308,68.76219702731298,58.93902602341113
450,100.4642489035417,86.1122133458929
453,101.13401056289864,86.68629476819883
368,82.15743021445188,70.42065446953019
556,124.12916086748707,106.39642360070322
379,84.61322296542734,72.52561968465201
326,72.78076698345465,62.383514557246855
414,92.42710899125836,79.22323627822146
468,104.48281885968336,89.5567018797286
410,91.5340934454491,78.45779438181353
389,86.84576182995049,74.43922442567185
453,101.13401056289864,86.68629476819883
229,51.125139997580106,43.82154856935438
260,58.04601047760187,49.75372326651589
297,66.30640427633752,56.8340608082893
412,91.98060121835374,78.8405153300175
377,84.16671519252272,72.14289873644805
390,87.0690157164028,74.63058489977384
448,100.01774113063708,85.72949239768893
437,97.5619483796616,83.62452718256709
503,112.29670488551439,96.25431847329806
423,94.4363939693292,80.94548054513932
345,77.02259082604864,66.01936356518455
